"AIC","BIC","logLik","deviance","nobs"
12235.5505373405,12321.6075139291,-6106.77526867024,9503.84006328251,18460
